NZ-SCT Release	Source (Observable)		Type	Valueset Name	Concept ID	Concept Display				Attribute	REL	SCTID	Display	Attribute	REL	SCTID	Display	Attribute	REL	SCTID	Display	Attribute	REL	SCTID	Display	Attribute	REL	SCTID	Display
0	1	2	3	4	5	6	7	8	9	10	11	12	13	14	15	16	17	18	19	20	21	22							
20231001	299801000210106 	Cancer service	Value Set	canshare-cancer-service			297751000210107	NZ cancer service reference set	#VALUE!																				
20231001	299811000210108 	Cancer stream	Value Set	canshare-cancer-stream			297761000210105	NZ cancer stream reference set	#VALUE!	cancer-service	=	0	No cancer service																
20231001	299811000210108 	Cancer stream	Value Set	canshare-solid-cancer-stream			302481000210103	NZ cancer solid tumour stream reference set	#VALUE!	cancer-service	=	394593009	Medical oncology																
20231001	299811000210108 	Cancer stream	Value Set	canshare-haematology-stream			302491000210101	NZ cancer haematology stream reference set	#VALUE!	cancer-service	=	394803006	Haematology																
20231001	299821000210103 	Cancer substream	Value Set	canshare-cancer-substream			297771000210104	NZ cancer substream reference set	#VALUE!	cancer-service	=	0	No cancer service	cancer-stream	=	0	No cancer stream												
20231001	299821000210103 	Cancer substream	Value Set	canshare-solid-tumour-substream			302501000210106	NZ cancer solid tumour substream reference set	#VALUE!	cancer-service	=	394593009	Medical oncology	cancer-stream	=	0	No cancer stream												
20231001	299821000210103 	Cancer substream	Value		372137005	Breast primary			#VALUE!	cancer-stream	=	372137005	Breast primary																
20231001	299821000210103 	Cancer substream	Value		93744007	CNS primary			#VALUE!	cancer-stream	=	93744007	CNS primary																
20231001	299821000210103 	Cancer substream	Value		371986009	Eye primary			#VALUE!	cancer-stream	=	371986009	Eye primary																
20231001	299821000210103 	Cancer substream	Value Set	canshare-gastro-substream			302511000210108	NZ cancer gastrointestinal substream reference set	#VALUE!	cancer-stream	=	297901000210108	Gastrointestinal primary																
20231001	299821000210103 	Cancer substream	Value Set	canshare-genitourinary-substream			302961000210103	NZ cancer genitourinary substream reference set	#VALUE!	cancer-stream	=	298271000210105	Genitourinary primary																
20231001	299821000210103 	Cancer substream	Value		297911000210105	Gynaecological primary			#VALUE!	cancer-stream	=	297911000210105	Gynaecological primary																
20231001	299821000210103 	Cancer substream	Value		297921000210100 	Head and neck primary			#VALUE!	cancer-stream	=	297921000210100 	Head and neck primary																
20231001	299821000210103 	Cancer substream	Value Set	canshare-endocrine-neuroendocrine-substream			302521000210103	NZ cancer endocrine and/or neuroendocrine substream reference set	#VALUE!	cancer-stream	=	297931000210103	Endocrine and/or neuroendocrine primary																
20231001	299821000210103 	Cancer substream	Value Set	canshare-soft-tissue-bone-substream			302541000210109	NZ cancer soft tissue and/or bone substream reference set	#VALUE!	cancer-stream	=	298141000210109	Soft tissue and/or bone primary																
20231001	299821000210103 	Cancer substream	Value Set	canshare-skin-melanoma-substream			302551000210107	NZ cancer skin and/or melanoma substream reference set	#VALUE!	cancer-stream	=	298151000210107	Skin and/or melanoma primary																
20231001	299821000210103 	Cancer substream	Value		298161000210105	Thoracic primary			#VALUE!	cancer-stream	=	298161000210105	Thoracic primary																
20231001	299821000210103 	Cancer substream	Value		310504009	Unknown primary			#VALUE!	cancer-stream	=	310504009	Unknown primary																
20231001	299821000210103 	Cancer substream	Value Set	canshare-haematology-substream			302561000210105	NZ cancer haematology substream reference set	#VALUE!	cancer-service	=	394803006	Haematology	cancer-stream	=	0	No cancer stream												
20231001	299821000210103 	Cancer substream	Value Set	canshare-myeloid-substream					#VALUE!	cancer-stream	=	351591000210100	Myeloid neoplasm																
20231001	299821000210103 	Cancer substream	Value Set	canshare-b-cell-lymphoid-substream			302571000210104	NZ cancer B cell lymphoid substream reference set	#VALUE!	cancer-stream	=	298491000210105	B-cell lymphoid neoplasm																
20231001	299821000210103 	Cancer substream	Value Set	canshare-t-nk-cell-lymphoid-substream			302581000210102	NZ cancer T/NK cell lymphoid substream reference set	#VALUE!	cancer-stream	=	422172005	T/NK-cell neoplasm																
20231001	299821000210103 	Cancer substream	Value		737224006	Histiocytic and/or dendritic cell neoplasm			#VALUE!	cancer-stream	=	737224006	Histiocytic and/or dendritic cell neoplasm																
20231001	299821000210103 	Cancer substream	Value		298171000210104	Stroma-derived neoplasm of lymphoid tissue			#VALUE!	cancer-stream	=	298171000210104	Stroma-derived neoplasm of lymphoid tissue																
20231001	299831000210101 	Cancer type	Value Set	canshare-cancer-type			297871000210108	NZ cancer type reference set	#VALUE!	cancer-service	=	0	No cancer service	cancer-stream	=	0	No cancer stream	cancer-substream	=	0	No cancer substream								
20231001	299831000210101 	Cancer type	Value Set	cancer-solid-tumour-cancer-type			302611000210107	NZ cancer solid tumour cancer type reference set	#VALUE!	cancer-service	=	394593009	Medical oncology	cancer-stream	=	0	No cancer stream	cancer-substream	=	0	No cancer substream								
20231001	299831000210101 	Cancer type	Value		372137005	Breast primary			#VALUE!	cancer-stream	=	372137005	Breast primary	cancer-substream	=	0	No cancer substream												
20231001	299831000210101 	Cancer type	Value		372137005	Breast primary			#VALUE!	cancer-substream	=	372137005	Breast primary																
20231001	299831000210101 	Cancer type	Value Set	canshare-cns-cancer-type			302691000210104	NZ cancer CNS cancer type reference set	#VALUE!	cancer-stream	=	93744007	CNS primary	cancer-substream	=	0	No cancer substream												
20231001	299831000210101 	Cancer type	Value Set	canshare-cns-cancer-type			302691000210104	NZ cancer CNS cancer type reference set	#VALUE!	cancer-substream	=	93744007	CNS primary																
20231001	299831000210101 	Cancer type	Value		371986009	Eye primary			#VALUE!	cancer-stream	=	371986009	Eye primary	cancer-substream	=	0	No cancer substream												
20231001	299831000210101 	Cancer type	Value		371986009	Eye primary			#VALUE!	cancer-substream	=	371986009	Eye primary																
20231001	299831000210101 	Cancer type	Value Set	canshare-gastro-cancer-type			302621000210102	NZ cancer gastrointestinal cancer type reference set	#VALUE!	cancer-stream	=	297901000210108	Gastrointestinal primary	cancer-substream	=	0	No cancer substream												
20231001	299831000210101 	Cancer type	Value Set	canshare-upper-gastro-cancer-type			302701000210104	NZ cancer upper gastrointestinal cancer type reference set	#VALUE!	cancer-substream	=	298201000210103 	Upper gastrointestinal primary																
20231001	299831000210101 	Cancer type	Value Set	canshare-lower-gastro-cancer-type			302631000210100	NZ cancer lower gastrointestinal cancer type reference set	#VALUE!	cancer-substream	=	298191000210100 	Lower gastrointestinal primary																
20231001	299831000210101 	Cancer type	Value Set	canshare-hepatopancreaticobiliary-cancer-type			302841000210107	NZ cancer hepatopancreaticobiliary cancer type reference set	#VALUE!	cancer-substream	=	300531000210100	Hepatopancreaticobiliary primary																
20231001	299831000210101 	Cancer type	Value Set	canshare-genitourinary-cancer-type			302641000210108	NZ cancer genitourinary cancer type reference set	#VALUE!	cancer-stream	=	298271000210105	Genitourinary primary	cancer-substream	=	0	No cancer substream												
20231001	299831000210101 	Cancer type	Value Set	canshare-male-genital-cancer-type			302851000210105	NZ cancer male genital cancer type reference set	#VALUE!	cancer-substream	=	93885006	Male genital primary																
20231001	299831000210101 	Cancer type	Value Set	canshare-urinary-system-cancer-type			302861000210108	NZ cancer urinary system cancer type reference set	#VALUE!	cancer-substream	=	94125001	Urinary system primary																
20231001	299831000210101 	Cancer type	Value Set	canshare-gynaecological-cancer-type			302871000210102	NZ cancer gynaecological cancer type reference set	#VALUE!	cancer-stream	=	297911000210105	Gynaecological primary	cancer-substream	=	0	No cancer substream												
20231001	299831000210101 	Cancer type	Value Set	canshare-gynaecological-cancer-type			302871000210102	NZ cancer gynaecological cancer type reference set	#VALUE!	cancer-substream	=	297911000210105	Gynaecological primary																
20231001	299831000210101 	Cancer type	Value Set	canshare-head-neck-cancer-type			302881000210100	NZ cancer head and neck cancer type reference set	#VALUE!	cancer-stream	=	297921000210100 	Head and neck primary	cancer-substream	=	0	No cancer substream												
20231001	299831000210101 	Cancer type	Value Set	canshare-head-neck-cancer-type			302881000210100	NZ cancer head and neck cancer type reference set	#VALUE!	cancer-substream	=	297921000210100 	Head and neck primary																
20231001	299831000210101 	Cancer type	Value Set	canshare-endocrine-neuroendocrine-cancer-type			302651000210106	NZ cancer endocrine and/or neuroendocrine cancer type reference set	#VALUE!	cancer-stream	=	297931000210103	Endocrine and/or neuroendocrine primary	cancer-substream	=	0	No cancer substream												
20231001	299831000210101 	Cancer type	Value Set	canshare-neuroendocrine-gep-cancer-type			302891000210103	NZ cancer neuroendocrine GEP cancer type reference set	#VALUE!	cancer-substream	=	300781000210107	Neuroendocrine GEP primary																
20231001	299831000210101 	Cancer type	Value Set	canshare-neuroendocrine-non-gep-cancer-type			302901000210102	NZ cancer neuroendocrine non GEP cancer type reference set	#VALUE!	cancer-substream	=	300721000210106	Neuroendocrine non-GEP primary																
20231001	299831000210101 	Cancer type	Value Set	canshare-endocrine-cancer-type			302911000210100	NZ cancer endocrine cancer type reference set	#VALUE!	cancer-substream	=	298231000210108 	Endocrine primary																
20231001	299831000210101 	Cancer type	Value Set	canshare-soft-tissue-bone-cancer-type			302671000210103	NZ cancer soft tissue and/or bone cancer type reference set	#VALUE!	cancer-stream	=	298141000210109	Soft tissue and/or bone primary	cancer-substream	=	0	No cancer substream												
20231001	299831000210101 	Cancer type	Value Set	canshare-soft-tissue-cancer-type			302921000210105	NZ cancer soft tissue cancer type reference set	#VALUE!	cancer-substream	=	372010005	Soft tissue primary																
20231001	299831000210101 	Cancer type	Value		93725000	Bone primary			#VALUE!	cancer-substream	=	93725000	Bone primary																
20231001	299831000210101 	Cancer type	Value Set	canshare-skin-melanoma-cancer-type			302681000210101	NZ cancer skin and/or melanoma cancer type reference set	#VALUE!	cancer-stream	=	298151000210107	Skin and/or melanoma primary	cancer-substream	=	0	No cancer substream												
20231001	299831000210101 	Cancer type	Value Set	canshare-skin-cancer-type			302931000210107	NZ cancer skin cancer type reference set	#VALUE!	cancer-substream	=	94047004	Skin primary																
20231001	299831000210101 	Cancer type	Value Set	canshare-melanoma-cancer-type			302941000210104	NZ cancer melanoma cancer type reference set	#VALUE!	cancer-substream	=	298511000210103	Melenoma primary																
20231001	299831000210101 	Cancer type	Value Set	canshare-thoracic-cancer-type			302951000210101	NZ cancer thoracic cancer type reference set	#VALUE!	cancer-stream	=	298161000210105	Thoracic primary	cancer-substream	=	0	No cancer substream												
20231001	299831000210101 	Cancer type	Value Set	canshare-thoracic-cancer-type			302951000210101	NZ cancer thoracic cancer type reference set	#VALUE!	cancer-substream	=	298161000210105	Thoracic primary																
20231001	299831000210101 	Cancer type	Value		310504009	Unknown primary			#VALUE!	cancer-stream	=	310504009	Unknown primary	cancer-substream	=	0	No cancer substream												
20231001	299831000210101 	Cancer type	Value		310504009	Unknown primary			#VALUE!	cancer-substream	=	310504009	Unknown primary																
20231001	299831000210101 	Cancer type	Value Set	canshare-haematology-cancer-type			302711000210102	NZ cancer haematology cancer type reference set	#VALUE!	cancer-service	=	394803006	Haematology	cancer-stream	=	0	No cancer stream												
20231001	299831000210101 	Cancer type	Value Set	canshare-myeloid-cancer-type			302751000210103	NZ cancer myeloproliferative cancer type reference set	#VALUE!	cancer-stream	=	351591000210100	Myeloid neoplasm	cancer-substream	=	0	No cancer substream												
20231001	299831000210101 	Cancer type	Value		351601000210105	Myeloid precursor lesion	302751000210103	NZ cancer myeloproliferative cancer type reference set	#VALUE!	cancer-substream	=	351601000210105	Myeloid precursor lesion																
20231001	299831000210101 	Cancer type	Value Set	canshare-myeloproliferative-cancer-type			302751000210103	NZ cancer myeloproliferative cancer type reference set	#VALUE!	cancer-substream	=	109993000	Myeloproliferative neoplasm																
20231001	299831000210101 	Cancer type	Value Set	canshare-mastocytosis-cancer-type			302751000210103	NZ cancer myeloproliferative cancer type reference set	#VALUE!	cancer-substream	=	414653009	Mastocytosis																
20231001	299831000210101 	Cancer type	Value		109995007	Myelodysplastic neoplasm	302751000210103	NZ cancer myeloproliferative cancer type reference set	#VALUE!	cancer-substream	=	109995007	Myelodysplastic neoplasm																
20231001	299831000210101 	Cancer type	Value Set	canshare-mds-myeloproliferative-cancer-type			302751000210103	NZ cancer myeloproliferative cancer type reference set	#VALUE!	cancer-substream	=	445738007	Myelodysplastic-myeloproliferative neoplasm 																
20231001	299831000210101 	Cancer type	Value		91861009	Acute myeloid leuakemia	302751000210103	NZ cancer myeloproliferative cancer type reference set	#VALUE!	cancer-substream	=	91861009	Acute myeloid leuakemia																
20231001	299831000210101 	Cancer type	Value		298241000210100	Acute leukemia of mixed or ambiguous lineage	302751000210103	NZ cancer myeloproliferative cancer type reference set	#VALUE!	cancer-substream	=	298241000210100	Acute leukemia of mixed or ambiguous lineage																
20231001	299831000210101 	Cancer type	Value		351641000210108	Myeloid-lymphoid neoplasm with eosinophilia and defining gene rearrangement	302751000210103	NZ cancer myeloproliferative cancer type reference set	#VALUE!	cancer-substream	=	351641000210108	Myeloid-lymphoid neoplasm with eosinophilia and defining gene rearrangement																
20231001	299831000210101 	Cancer type	Value		351591000210100	Myeloid neoplasm	302751000210103	NZ cancer myeloproliferative cancer type reference set	#VALUE!	cancer-substream	=	351591000210100	Myeloid neoplasm																
20231001	299831000210101 	Cancer type	Value Set	canshare-b-cell-lymphoid-cancer-type			302721000210107	NZ cancer B cell lymphoid cancer type reference set	#VALUE!	cancer-stream	=	298491000210105	B-cell lymphoid neoplasm	cancer-substream	=	0	No cancer substream												
20231001	299831000210101 	Cancer type	Value		298491000210105	B-cell lymphoid neoplasm	302721000210107	NZ cancer B cell lymphoid cancer type reference set	#VALUE!	cancer-substream	=	298491000210105	B-cell lymphoid neoplasm																
20231001	299831000210101 	Cancer type	Value		207036003	Castleman disease	302781000210108	NZ cancer plasma cell cancer type reference set	#VALUE!	cancer-substream	=	207036003	Castleman disease																
20231001	299831000210101 	Cancer type	Value		351681000210101	B cell acute lymphoblastic leukaemia	302781000210108	NZ cancer plasma cell cancer type reference set	#VALUE!	cancer-substream	=	91857003	Acute lymphoblastic leukaemia	cancer-stream	=	298491000210105	B-cell lymphoid neoplasm												
20231001	299831000210101 	Cancer type	Value Set	canshare-b-cell-indolent-nhl-cancer-type			302781000210108	NZ cancer plasma cell cancer type reference set	#VALUE!	cancer-substream	=	351651000210106	Indolent non-Hodgkin B cell lymphoma																
20231001	299831000210101 	Cancer type	Value Set	canshare-b-cell-agressive-nhl-cancer-type			302781000210108	NZ cancer plasma cell cancer type reference set	#VALUE!	cancer-substream	=	351661000210109	Aggressive non-Hodgkin B cell lymphoma																
20231001	299831000210101 	Cancer type	Value		118599009	Hodgkin lymphoma   	302781000210108	NZ cancer plasma cell cancer type reference set	#VALUE!	cancer-substream	=	118599009	Hodgkin lymphoma   																
20231001	299831000210101 	Cancer type	Value Set	canshare-plasma-cell-cancer-type			302781000210108	NZ cancer plasma cell cancer type reference set	#VALUE!	cancer-substream	=	351671000210103	Plasma cell disorder																
20231001	299831000210101 	Cancer type	Value Set	canshare-t-nk-cell-lymphoid-cancer-type			302761000210100	NZ cancer T/NK cell lymphoid cancer type reference set	#VALUE!	cancer-stream	=	422172005	T/NK-cell neoplasm	cancer-substream	=	0	No cancer substream												
20231001	299831000210101 	Cancer type	Value		420890002	T cell acute lymphoblastic leukaemia	302761000210100	NZ cancer T/NK cell lymphoid cancer type reference set	#VALUE!	cancer-substream	=	91857003	Acute lymphoblastic leukaemia	cancer-stream	=	422172005	T/NK-cell neoplasm												
20231001	299831000210101 	Cancer type	Value Set	canshare-mature-t-nk-cell-lymphoid-cancer-type			302761000210100	NZ cancer T/NK cell lymphoid cancer type reference set	#VALUE!	cancer-substream	=	421418009	Mature T/NK-cell neoplasm																
20231001	299831000210101 	Cancer type	Value		422172005	T/NK-cell neoplasm  	302761000210100	NZ cancer T/NK cell lymphoid cancer type reference set	#VALUE!	cancer-substream	=	422172005	T/NK-cell neoplasm  																
20231001	299831000210101 	Cancer type	Value Set	canshare-histiocytic-cancer-type						cancer-stream	=	737224006	Histiocytic and/or dendritic cell neoplasm	cancer-substream	=	0	No cancer substream												
20231001	299831000210101 	Cancer type	Value Set	canshare-histiocytic-cancer-type						cancer-substream	=	737224006	Histiocytic and/or dendritic cell neoplasm																
20231001	299831000210101 	Cancer type	Value		298171000210104	Stroma-derived neoplasm of lymphoid tissue				cancer-stream	=	298171000210104	Stroma-derived neoplasm of lymphoid tissue	cancer-substream	=	0	No cancer substream												
20231001	299831000210101 	Cancer type	Value		298171000210104	Stroma-derived neoplasm of lymphoid tissue				cancer-substream	=	298171000210104	Stroma-derived neoplasm of lymphoid tissue																
20231001	399687005	Primary site	Value Set	canshare-primary-topography			253141000210105	NZ cancer topography reference set	#VALUE!	cancer-service	=	0	No cancer service	cancer-stream	=	0	No cancer stream	cancer-substream	=	0	No cancer substream								
20231001	399687005	Primary site	Value Set	canshare-primary-topography			253141000210105	NZ cancer topography reference set	#VALUE!	cancer-service	=	394593009	Medical oncology	cancer-stream	=	0	No cancer stream	cancer-substream	=	0	No cancer substream								
20231001	399687005	Primary site	Value Set	canshare-breast-topography			253151000210108	NZ cancer breast topography reference set	#VALUE!	cancer-stream	=	372137005	Breast primary																
20231001	399687005	Primary site	Value Set	canshare-breast-topography			253151000210108	NZ cancer breast topography reference set	#VALUE!	cancer-substream	=	372137005	Breast primary																
20231001	399687005	Primary site	Value Set	canshare-breast-topography			253151000210108	NZ cancer breast topography reference set	#VALUE!	cancer-type	=	372137005	Breast primary																
20231001	399687005	Primary site	Value Set	canshare-topography			253151000210108	NZ cancer breast topography reference set	#VALUE!	cancer-stream	=	93744007	CNS primary																
20231001	399687005	Primary site	Value Set	canshare-gi-topography						cancer-stream	=	297901000210108	Gastrointestinal primary	cancer-substream	=	0	No cancer substream												
20231001	399687005	Primary site	Value Set	canshare-gi-upper-topography						cancer-substream	=	298201000210103 	Upper gastrointestinal primary	cancer-type	=	0	No cancer type												
20231001	399687005	Primary site	Value Set	canshare-gi-oesophagus-topography						cancer-type	=	371984007	Oesophagus primary																
20231001	399687005	Primary site	Value Set	canshare-gi-stomach-topography						cancer-type	=	372014001	Stomach primary																
20231001	399687005	Primary site	Value Set	canshare-gi-small-intestine-topography						cancer-type	=	94048009	Small Intestine primary																
20231001	399687005	Primary site	Value Set	canshare-gi-lower-topography						cancer-substream	=	298191000210100 	Lower gastrointestinal primary	cancer-type	=	0	No cancer type												
20231001	399687005	Primary site	Value Set	canshare-gi-appendix-topography						cancer-type	=	93679002	Appendix primary																
20231001	399687005	Primary site	Value Set	canshare-gi-colorectal-topography						cancer-type	=	298181000210102	Colorectal primary																
20231001	399687005	Primary site	Value Set	canshare-gi-anus-topography						cancer-type	=	93676009	Anus primary																
20231001	399687005	Primary site	Value Set	canshare-who-hep-pan-bil-topography						cancer-substream	=	300531000210100	Hepatopancreaticobiliary primary	cancer-type	=	0	No cancer type												
20231001	399687005	Primary site	Value Set	canshare-gi-liver-topography						cancer-type	=	95214007	Liver primary																
20231001	399687005	Primary site	Value Set	canshare-gi-biliary-topography						cancer-type	=	371970002	Biliary tract primary																
20231001	399687005	Primary site	Value Set	canshare-gi-pancreas-topographyy						cancer-type	=	372003004	Pancreas primary																
20231001	399687005	Primary site	Value Set	canshare-urinary-male-genital-topography						cancer-stream	=	298271000210105	Genitourinary primary	cancer-substream	=	0	No cancer substream												
20231001	399687005	Primary site	Value Set	canshare-male-genital-topography						cancer-substream	=	93885006	Male genital primary	cancer-type	=	0	No cancer type												
20231001	399687005	Primary site	Value Set	canshare-urinary-male-genital-prostate-topography						cancer-type	=	93974005	Prostate primary																
20231001	399687005	Primary site	Value Set	canshare-urinary-male-genital-penis-topography						cancer-type	=	372005006	Penis primary																
20231001	399687005	Primary site	Value Set	canshare-urinary-male-genital-testis-topography						cancer-type	=	94087009	Testis primary																
20231001	399687005	Primary site	Value Set	canshare-urinary-male-genital-testicular-adnexa-topography						cancer-type	=	301001000210106 	Testicular adnexa primary																
20231001	399687005	Primary site	Value Set	canshare-urinary-topography						cancer-substream	=	94125001	Urinary system primary	cancer-type	=	0	No cancer type												
20231001	399687005	Primary site	Value Set	canshare-urinary-male-genital-kidney-topography						cancer-type	=	93849006	Kidney primary																
20231001	399687005	Primary site	Value Set	canshare-urinary-male-genital-renal-pelvis-ureter-topography						cancer-type	=	301051000210107 	Renal pelvis and/or ureter primary																
20231001	399687005	Primary site	Value Set	canshare-urinary-male-genital-urinary-bladder-topography						cancer-type	=	93689003	Urinary bladder primary																
20231001	399687005	Primary site	Value Set	canshare-urinary-male-genital-urethra-topography						cancer-type	=	94123008	Urethra primary																
20231001	399687005	Primary site	Value Set	canshare-female-genital-topography						cancer-stream	=	297911000210105	Gynaecological primary	cancer-type	=	0	No cancer type												
20231001	399687005	Primary site	Value Set	canshare-female-genital-topography						cancer-substream	=	297911000210105	Gynaecological primary	cancer-type	=	0	No cancer type												
20231001	399687005	Primary site	Value Set	canshare-female-genital-vulva-topography						cancer-type	=	94143002	Vulva primary																
20231001	399687005	Primary site	Value Set	canshare-female-genital-vagina-topography						cancer-type	=	372025005	Vagina primary																
20231001	399687005	Primary site	Value Set	canshare-female-genital-cervix-uteri-topography						cancer-type	=	372024009	Uterine cervix primary																
20231001	399687005	Primary site	Value Set	canshare-female-genital-corpus-uteri-topography						cancer-type	=	371971003	Uterus corpus primary																
20231001	399687005	Primary site	Value Set	canshare-female-genital-ovary-topography						cancer-type	=	93934004	Ovary primary																
20231001	399687005	Primary site	Value Set	canshare-female-genital-fallopian-tube-topography						cancer-type	=	371987000	Fallopian tube primary																
20231001	399687005	Primary site	Value Set	canshare-female-genital-peritoneum-topography						cancer-type	=	372016004	Peritoneum primary																
20231001	399687005	Primary site	Value Set	canshare-female-genital-gestational-trophoblastic-topography						cancer-type	=	350771000210102	Gestational trophoblastic disease primary																
20231001	399687005	Primary site	Value Set	canshare-female-genital-uterine-ligament-topography						cancer-type	=	350761000210108	Uterine ligament primary																
20231001	399687005	Primary site	Value Set	canshare-topography			253151000210108	NZ cancer breast topography reference set	#VALUE!	cancer-stream	=	298141000210109	Soft tissue and/or bone primary																
20231001	399687005	Primary site	Value Set	canshare-thorax-topography			294701000210102	NZ cancer thorax topography reference set	#VALUE!	cancer-stream	=	394593009	Thoracic primary	cancer-type	=	0	No cancer type												
20231001	399687005	Primary site	Value Set	canshare-thorax-topography			294701000210102	NZ cancer thorax topography reference set	#VALUE!	cancer-substream	=	394593009	Thoracic primary	cancer-type	=	0	No cancer type												
20231001	399687005	Primary site	Value Set	canshare-thorax-thymus-topography			296941000210108	NZ cancer thorax thymus topograpy reference set	#VALUE!	cancer-type	=	94096009	Thymus primary																
20231001	399687005	Primary site	Value Set	canshare-thorax-lung-topography			296951000210106	NZ cancer thorax lung topograpy reference set	#VALUE!	cancer-type	=	93880001	Lung primary																
20231001	399687005	Primary site	Value Set	canshare-thorax-pleura-topography			296961000210109	NZ cancer thorax pleura topograpy reference set	#VALUE!	cancer-type	=	93966009	Pleural primary																
20231001	399687005	Primary site	Value Set	canshare-thorax-pericardium-topography						cancer-type	=	93957005	Pericardium primary																
20231001	399687005	Primary site	Value Set	canshare-thorax-heart-topography						cancer-type	=	93825008	Heart primary																
20231001	399687005	Primary site	Value Set	canshare-thorax-topography						cancer-type	=	394593009	Thoracic primary																
20231001	399687005	Primary site	Value		278001007	Unknown site	294711000210100	NZ cancer unknown site topography reference set	#VALUE!	cancer-stream	=	310504009	Unknown primary																
20231001	399687005	Primary site	Value		278001007	Unknown site	294711000210100	NZ cancer unknown site topography reference set	#VALUE!	cancer-substream	=	310504009	Unknown primary																
20231001	399687005	Primary site	Value		278001007	Unknown site	294711000210100	NZ cancer unknown site topography reference set	#VALUE!	cancer-type	=	310504009	Unknown primary																
20231001	297561000210100	Laterality of primary site	Value Set	canshare-laterality			253241000210101	NZ cancer laterality reference set	#VALUE!	primary-site	^	canshare-lateralisable-topography																	
20231001	297561000210100	Laterality of primary site	Value Set	canshare-laterality-or-side						primary-site	^	canshare-midline-topography																	
20231001	512001000004108	Histologic type of primary	Value Set	canshare-who-mo-primary-histology						cancer-service	=	394593009	Medical oncology	cancer-stream	=	0	No cancer stream												
20231001	512001000004108	Histologic type of primary	Value Set	canshare-who-breast-primary-histology			253221000210107	NZ WHO breast histology reference set (5th edition)	#VALUE!	patient-sex	=	0	No patient sex recorded	cancer-stream	=	372137005	Breast primary	cancer-substream	=	0	No cancer substream								
20231001	512001000004108	Histologic type of primary	Value Set	canshare-who-breast-primary-histology			253221000210107	NZ WHO breast histology reference set (5th edition)	#VALUE!	patient-sex	=	0	No patient sex recorded	cancer-substream	=	372137005	Breast primary	cancer-type	=	0	No cancer type								
20231001	512001000004108	Histologic type of primary	Value Set	canshare-who-breast-primary-histology			253221000210107	NZ WHO breast histology reference set (5th edition)	#VALUE!	patient-sex	=	0	No patient sex recorded	cancer-type	=	372137005	Breast primary												
20231001	512001000004108	Histologic type of primary	Value Set	canshare-who-breast-primary-histology			253221000210107	NZ WHO breast histology reference set (5th edition)	#VALUE!	patient-sex	=	U	Unknown	cancer-stream	=	372137005	Breast primary	cancer-substream	=	0	No cancer substream								
20231001	512001000004108	Histologic type of primary	Value Set	canshare-who-breast-primary-histology			253221000210107	NZ WHO breast histology reference set (5th edition)	#VALUE!	patient-sex	=	U	Unknown	cancer-substream	=	372137005	Breast primary	cancer-type	=	0	No cancer type								
20231001	512001000004108	Histologic type of primary	Value Set	canshare-who-breast-primary-histology			253221000210107	NZ WHO breast histology reference set (5th edition)	#VALUE!	patient-sex	=	U	Unknown	cancer-type	=	372137005	Breast primary												
20231001	512001000004108	Histologic type of primary	Value Set	canshare-who-breast-primary-histology			253221000210107	NZ WHO breast histology reference set (5th edition)	#VALUE!	patient-sex	=	O	Other	cancer-stream	=	372137005	Breast primary	cancer-substream	=	0	No cancer substream								
20231001	512001000004108	Histologic type of primary	Value Set	canshare-who-breast-primary-histology			253221000210107	NZ WHO breast histology reference set (5th edition)	#VALUE!	patient-sex	=	O	Other	cancer-substream	=	372137005	Breast primary	cancer-type	=	0	No cancer type								
20231001	512001000004108	Histologic type of primary	Value Set	canshare-who-breast-primary-histology			253221000210107	NZ WHO breast histology reference set (5th edition)	#VALUE!	patient-sex	=	O	Other	cancer-type	=	372137005	Breast primary												
20231001	512001000004108	Histologic type of primary	Value Set	canshare-who-female-breast-primary-histology			300151000210103	NZ WHO breast tumour of nipple histology reference set (5th edition)	#VALUE!	patient-sex	=	F	Female	primary-site	=	0	No primary site	cancer-stream	=	372137005	Breast primary	cancer-substream	=	0	No cancer substream				
20231001	512001000004108	Histologic type of primary	Value Set	canshare-who-female-breast-primary-histology			300151000210103	NZ WHO breast tumour of nipple histology reference set (5th edition)	#VALUE!	patient-sex	=	F	Female	primary-site	=	0	No primary site	cancer-substream	=	372137005	Breast primary	cancer-type	=	0	No cancer type				
20231001	512001000004108	Histologic type of primary	Value Set	canshare-who-female-breast-primary-histology			300151000210103	NZ WHO breast tumour of nipple histology reference set (5th edition)	#VALUE!	patient-sex	=	F	Female	primary-site	=	0	No primary site	cancer-type	=	372137005	Breast primary								
20231001	512001000004108	Histologic type of primary	Value Set	canshare-who-female-breast-primary-histology			300151000210103	NZ WHO breast tumour of nipple histology reference set (5th edition)	#VALUE!	patient-sex	=	F	Female	primary-site	^	canshare-breast-nac-topography 	NZ cancer breast nipple-areola complex topography	cancer-stream	=	372137005	Breast primary	cancer-substream	=	0	No cancer substream				
20231001	512001000004108	Histologic type of primary	Value Set	canshare-who-female-breast-primary-histology			300151000210103	NZ WHO breast tumour of nipple histology reference set (5th edition)	#VALUE!	patient-sex	=	F	Female	primary-site	^	canshare-breast-nac-topography 	NZ cancer breast nipple-areola complex topography	cancer-substream	=	372137005	Breast primary	cancer-type	=	0	No cancer type				
20231001	512001000004108	Histologic type of primary	Value Set	canshare-who-female-breast-primary-histology			300151000210103	NZ WHO breast tumour of nipple histology reference set (5th edition)	#VALUE!	patient-sex	=	F	Female	primary-site	^	canshare-breast-nac-topography 	NZ cancer breast nipple-areola complex topography	cancer-type	=	372137005	Breast primary								
20231001	512001000004108	Histologic type of primary	Value Set	canshare-who-female-breast-primary-minus-nipple-histology			253221000210107	NZ WHO breast histology reference set (5th edition)	#VALUE!	patient-sex	=	F	Female	primary-site	^	canshare-breast-non-nac-topography 	NZ cancer breast non-nipple-areola complex topography	cancer-stream	=	372137005	Breast primary	cancer-substream	=	0	No cancer substream				
20231001	512001000004108	Histologic type of primary	Value Set	canshare-who-female-breast-primary-minus-nipple-histology			253221000210107	NZ WHO breast histology reference set (5th edition)	#VALUE!	patient-sex	=	F	Female	primary-site	^	canshare-breast-non-nac-topography 	NZ cancer breast non-nipple-areola complex topography	cancer-substream	=	372137005	Breast primary	cancer-type	=	0	No cancer type				
20231001	512001000004108	Histologic type of primary	Value Set	canshare-who-female-breast-primary-minus-nipple-histology			253221000210107	NZ WHO breast histology reference set (5th edition)	#VALUE!	patient-sex	=	F	Female	primary-site	^	canshare-breast-non-nac-topography 	NZ cancer breast non-nipple-areola complex topography	cancer-type	=	372137005	Breast primary								
20231001	512001000004108	Histologic type of primary	Value Set	canshare-who-male-breast-primary-histology			300151000210103	NZ WHO breast tumour of nipple histology reference set (5th edition)	#VALUE!	patient-sex	=	M	Male	primary-site	=	0	No primary site	cancer-stream	=	372137005	Breast primary	cancer-substream	=	0	No cancer substream				
20231001	512001000004108	Histologic type of primary	Value Set	canshare-who-male-breast-primary-histology			300151000210103	NZ WHO breast tumour of nipple histology reference set (5th edition)	#VALUE!	patient-sex	=	M	Male	primary-site	=	0	No primary site	cancer-substream	=	372137005	Breast primary	cancer-type	=	0	No cancer type				
20231001	512001000004108	Histologic type of primary	Value Set	canshare-who-male-breast-primary-histology			300151000210103	NZ WHO breast tumour of nipple histology reference set (5th edition)	#VALUE!	patient-sex	=	M	Male	primary-site	=	0	No primary site	cancer-type	=	372137005	Breast primary								
20231001	512001000004108	Histologic type of primary	Value Set	canshare-who-male-breast-primary-histology			300151000210103	NZ WHO breast tumour of nipple histology reference set (5th edition)	#VALUE!	patient-sex	=	M	Male	primary-site	^	canshare-breast-nac-topography 	NZ cancer breast nipple-areola complex topography	cancer-stream	=	372137005	Breast primary	cancer-substream	=	0	No cancer substream				
20231001	512001000004108	Histologic type of primary	Value Set	canshare-who-male-breast-primary-histology			300151000210103	NZ WHO breast tumour of nipple histology reference set (5th edition)	#VALUE!	patient-sex	=	M	Male	primary-site	^	canshare-breast-nac-topography 	NZ cancer breast nipple-areola complex topography	cancer-substream	=	372137005	Breast primary	cancer-type	=	0	No cancer type				
20231001	512001000004108	Histologic type of primary	Value Set	canshare-who-male-breast-primary-histology			300151000210103	NZ WHO breast tumour of nipple histology reference set (5th edition)	#VALUE!	patient-sex	=	M	Male	primary-site	^	canshare-breast-nac-topography 	NZ cancer breast nipple-areola complex topography	cancer-type	=	372137005	Breast primary								
20231001	512001000004108	Histologic type of primary	Value Set	canshare-who-male-breast-primary-minus-nipple-histology			253221000210107	NZ WHO breast histology reference set (5th edition)	#VALUE!	patient-sex	=	M	Male	primary-site	^	canshare-breast-non-nac-topography 	NZ cancer breast non-nipple-areola complex topography	cancer-stream	=	372137005	Breast primary	cancer-substream	=	0	No cancer substream				
20231001	512001000004108	Histologic type of primary	Value Set	canshare-who-male-breast-primary-minus-nipple-histology			253221000210107	NZ WHO breast histology reference set (5th edition)	#VALUE!	patient-sex	=	M	Male	primary-site	^	canshare-breast-non-nac-topography 	NZ cancer breast non-nipple-areola complex topography	cancer-substream	=	372137005	Breast primary	cancer-type	=	0	No cancer type				
20231001	512001000004108	Histologic type of primary	Value Set	canshare-who-male-breast-primary-minus-nipple-histology			253221000210107	NZ WHO breast histology reference set (5th edition)	#VALUE!	patient-sex	=	M	Male	primary-site	^	canshare-breast-non-nac-topography 	NZ cancer breast non-nipple-areola complex topography	cancer-type	=	372137005	Breast primary								
20231001	512001000004108	Histologic type of primary	Value Set	canshare-who-digestive-primary-histology			296921000210102	NZ WHO digestive system histology reference set (5th edition)	#VALUE!	cancer-stream	=	297901000210108 	Gastrointestinal primary	cancer-substream	=	0	No cancer substream												
20231001	512001000004108	Histologic type of primary	Value Set	canshare-who-upper-gastro-primary-histology						cancer-substream	=	298201000210103 	Upper gastrointestinal primary	cancer-type	=	0	No cancer type												
20231001	512001000004108	Histologic type of primary	Value Set	canshare-who-oesophagus-primary-histology			300021000210108	NZ WHO digestive system oesophagus histology reference set (5th edition)	#VALUE!	cancer-type	=	371984007 	Oesophagus primary																
20231001	512001000004108	Histologic type of primary	Value Set	canshare-who-stomach-primary-histology			300031000210105	NZ WHO digestive system stomach histology reference set (5th edition)	#VALUE!	cancer-type	=	372014001 	Stomach primary																
20231001	512001000004108	Histologic type of primary	Value Set	canshare-who-small-intestine-primary-histology			300041000210102	NZ WHO digestive system small intestine and/or ampulla histology reference set (5th edition)	#VALUE!	cancer-type	=	94048009 	Small intestine primary																
20231001	512001000004108	Histologic type of primary	Value Set	canshare-who-lower-gastro-primary-histology						cancer-substream	=	298191000210100 	Lower gastrointestinal primary	cancer-type	=	0	No cancer type												
20231001	512001000004108	Histologic type of primary	Value Set	canshare-who-appendix-primary-histology			300051000210104	NZ WHO digestive system appendix histology reference set (5th edition)	#VALUE!	cancer-type	=	93679002	Appendix primary																
20231001	512001000004108	Histologic type of primary	Value Set	canshare-who-colorectal-primary-histology			300061000210101	NZ WHO digestive system colon and/or rectum histology reference set (5th edition)	#VALUE!	cancer-type	=	298181000210102	Colorectal primary																
20231001	512001000004108	Histologic type of primary	Value Set	canshare-who-anus-primary-histology			300071000210107	NZ WHO digestive system anal canal histology reference set (5th edition)	#VALUE!	cancer-type	=	93676009	Anus primary																
20231001	512001000004108	Histologic type of primary	Value Set	canshare-who-hep-pan-bil-primary-histology						cancer-substream	=	300531000210100 	Hepatopancreaticobiliary primary	cancer-type	=	0	No cancer type												
20231001	512001000004108	Histologic type of primary	Value Set	canshare-who-liver-primary-histology			300081000210109	NZ WHO digestive system liver and/or intrahepatic bile duct histology reference set (5th edition)	#VALUE!	cancer-type	=	95214007	Liver primary																
20231001	512001000004108	Histologic type of primary	Value Set	canshare-who-biliary-tract-primary-histology			300091000210106	NZ WHO digestive system gallbladder and/or extrahepatic bile duct histology reference set (5th edition)	#VALUE!	cancer-type	=	371970002	Biliary tract primary																
20231001	512001000004108	Histologic type of primary	Value Set	canshare-who-pancreas-primary-histology			300101000210104	NZ WHO digestive system pancreas histology reference set (5th edition)	#VALUE!	cancer-type	=	372003004	Pancreas primary																
20231001	512001000004108	Histologic type of primary	Value Set	canshare-who-male-genital-primary-histology			300331000210107	NZ WHO urinary and/or male genital histology reference set (5th edition)	#VALUE!	cancer-stream	=	298271000210105 	Genitourinary primary	cancer-substream	=	0	No cancer substream												
20231001	512001000004108	Histologic type of primary	Value Set	canshare-who-male-genital-primary-histology			300331000210107	NZ WHO urinary and/or male genital histology reference set (5th edition)	#VALUE!	cancer-substream	=	93885006	Male genital primary	cancer-type	=	0	No cancer type												
20231001	512001000004108	Histologic type of primary	Value Set	canshare-who-prostate-primary-histology			300361000210103	NZ WHO urinary and/or male genital prostate histology reference set (5th edition)	#VALUE!	cancer-type	=	93974005	Prostate primary																
20231001	512001000004108	Histologic type of primary	Value Set	canshare-who-penis-primary-histology			300401000210106	NZ WHO urinary and/or male genital penis and/or scrotum histology reference set (5th edition)	#VALUE!	cancer-type	=	372005006	Penis primary																
20231001	512001000004108	Histologic type of primary	Value Set	canshare-who-testis-primary-histology			300381000210106	NZ WHO urinary and/or male genital testis histology reference set (5th edition)	#VALUE!	cancer-type	=	94087009	Testis primary																
20231001	512001000004108	Histologic type of primary	Value Set	canshare-who-testicular-adnexa-primary-histology			300391000210108	NZ WHO urinary and/or male genital testicular adnexa histology reference set (5th edition)	#VALUE!	cancer-type	=	301001000210106	Testicular adnexa primary																
20231001	512001000004108	Histologic type of primary	Value Set	canshare-who-urinary-system-primary-histology			300331000210107	NZ WHO urinary and/or male genital histology reference set (5th edition)	#VALUE!	cancer-substream	=	94125001	Urinary system primary	cancer-type	=	0	No cancer type												
20231001	512001000004108	Histologic type of primary	Value Set	canshare-who-kidney-primary-histology			300341000210104	NZ WHO urinary and/or male genital kidney histology reference set (5th edition)	#VALUE!	cancer-type	=	93849006	Kidney primary																
20231001	512001000004108	Histologic type of primary	Value Set	canshare-who-renal-pelvis-ureter-primary-histology			300351000210101	NZ WHO urinary and/or male genital urinary tract histology reference set (5th edition)	#VALUE!	cancer-type	=	301051000210107	Renal pelvis and/or ureter primary																
20231001	512001000004108	Histologic type of primary	Value Set	canshare-who-bladder-primary-histology			300351000210101	NZ WHO urinary and/or male genital urinary tract histology reference set (5th edition)	#VALUE!	cancer-type	=	93689003	Urinary bladder primary																
20231001	512001000004108	Histologic type of primary	Value Set	canshare-who-urethra-primary-histology			300351000210101	NZ WHO urinary and/or male genital urinary tract histology reference set (5th edition)	#VALUE!	cancer-type	=	94123008	Urethra primary																
20231001	512001000004108	Histologic type of primary	Value Set	canshare-who-female-genital-primary-histology						cancer-stream	=	297911000210105	Gynaecological primary	cancer-substream	=	0	No cancer substream												
20231001	512001000004108	Histologic type of primary	Value Set	canshare-who-female-genital-primary-histology						cancer-substream	=	297911000210105	Gynaecological primary	cancer-type	=	0	No cancer type												
20231001	512001000004108	Histologic type of primary	Value Set	canshare-who-vulva-primary-histology						cancer-type	=	94143002	Vulva primary																
20231001	512001000004108	Histologic type of primary	Value Set	canshare-who-vagina-primary-histology						cancer-type	=	372025005	Vagina primary																
20231001	512001000004108	Histologic type of primary	Value Set	canshare-who-uterine-cervix-primary-histology						cancer-type	=	372024009	Uterine cervix primary																
20231001	512001000004108	Histologic type of primary	Value Set	canshare-who-uterine-corpus-primary-histology						cancer-type	=	371971003	Uterine corpus primary																
20231001	512001000004108	Histologic type of primary	Value Set	canshare-who-ovary-primary-histology						cancer-type	=	93934004	Ovary primary																
20231001	512001000004108	Histologic type of primary	Value Set	canshare-who-fallopian-tube-primary-histology						cancer-type	=	371987000	Fallopian tube primary																
20231001	512001000004108	Histologic type of primary	Value Set	canshare-who-peritoneum-primary-histology						cancer-type	=	372016004	Peritoneum primary																
20231001	512001000004108	Histologic type of primary	Value Set	canshare-who-gestational-trophoblastic-primary-histology						cancer-type	=	416402001	Gestational trophoblastic disease																
20231001	512001000004108	Histologic type of primary	Value Set	canshare-who-uterine-ligament-primary-histology						cancer-type	=	350761000210108	Uterine ligament primary																
20231001	512001000004108	Histologic type of primary	Value Set	canshare-who-soft-tissue-bone-primary-histology						cancer-stream	=	298141000210109	Soft tissue and/or bone primary																
20231001	512001000004108	Histologic type of primary	Value Set	canshare-who-soft-tissue-primary-histology						cancer-substream	=	372010005	Soft tissue primary																
20231001	512001000004108	Histologic type of primary	Value Set	canshare-who-bone-primary-histology						cancer-substream	=	93725000	Bone primary																
20231001	512001000004108	Histologic type of primary	Value Set	canshare-who-thoracic-primary-histology			294691000210102	NZ WHO thoracic histology reference set (5th edition)	#VALUE!	cancer-stream	=	298161000210105 	Thoracic primary	cancer-substream	=	0	No cancer substream												
20231001	512001000004108	Histologic type of primary	Value Set	canshare-who-thoracic-primary-histology			294691000210102	NZ WHO thoracic histology reference set (5th edition)	#VALUE!	cancer-substream	=	298161000210105 	Thoracic primary	cancer-type	=	0	No cancer type												
20231001	512001000004108	Histologic type of primary	Value Set	canshare-who-thymus-primary-histology			299451000210105	NZ WHO thoracic thymus histology reference set (5th edition)	#VALUE!	cancer-type	=	94096009	Thymus primary																
20231001	512001000004108	Histologic type of primary	Value Set	canshare-who-lung-primary-histology			299461000210108	NZ WHO thoracic lung histology reference set (5th edition)	#VALUE!	cancer-type	=	93880001	Lung primary																
20231001	512001000004108	Histologic type of primary	Value Set	canshare-who-pleural-primary-histology			299471000210102	NZ WHO thoracic pleura and/or pericardium histology reference set (5th edition)	#VALUE!	cancer-type	=	93966009	Pleural primary																
20231001	512001000004108	Histologic type of primary	Value Set	canshare-who-pericardium-primary-histology			299471000210102	NZ WHO thoracic pleura and/or pericardium histology reference set (5th edition)	#VALUE!	cancer-type	=	93957005	Pericardium primary																
20231001	512001000004108	Histologic type of primary	Value Set	canshare-who-heart-primary-histology			299501000210108	NZ WHO thoracic heart histology reference set (5th edition)	#VALUE!	cancer-type	=	93825008	Heart primary																
20231001	512001000004108	Histologic type of primary	Value Set	canshare-who-thoracic-primary-histology			299451000210105	NZ WHO thoracic thymus histology reference set (5th edition)	#VALUE!	cancer-type	=	298161000210105 	Thoracic primary																
20231001	512001000004108	Histologic type of primary	Value Set	canshare-who-mo-primary-histology			253211000210102	NZ WHO histology reference set	#VALUE!	cancer-stream	=	310504009	Unknown primary																
20231001	512001000004108	Histologic type of primary	Value Set	canshare-who-mo-primary-histology			253211000210102	NZ WHO histology reference set	#VALUE!	cancer-substream	=	310504009	Unknown primary																
20231001	512001000004108	Histologic type of primary	Value Set	canshare-who-mo-primary-histology			253211000210102	NZ WHO histology reference set	#VALUE!	cancer-type	=	310504009	Unknown primary																
20231001	512001000004108	Histologic type of primary	Value Set	canshare-who-haematology-histology			253231000210109	NZ WHO haematolymphoid tumour histology reference set (5th edition)	#VALUE!	cancer-service	=	394803006	Haematology	cancer-stream	=	0	No cancer stream												
20231001	512001000004108	Histologic type of primary	Value Set	canshare-who-haematology-myeloid-histology			263321000210108	NZ WHO haematolymphoid myeloid proliferation or neoplasm histology reference set (5th edition)	#VALUE!	cancer-stream	=	351591000210100	Myeloid neoplasm	cancer-substream	=	0	No cancer substream												
20231001	512001000004108	Histologic type of primary	Value Set	canshare-who-haematology-myeloid-pre-histology						cancer-substream	=	351601000210105	Myeloid precursor lesion	cancer-type	=	0	No cancer type												
20231001	512001000004108	Histologic type of primary	Value Set	canshare-who-haematology-myeloid-pre-histology						cancer-type	=	351601000210105	Myeloid precursor lesion																
20231001	512001000004108	Histologic type of primary	Value Set	canshare-who-haematology-myeloproliferative-neoplasm-histology						cancer-substream	=	109993000	Myeloproliferative neoplasm	cancer-type	=	0	No cancer type												
20231001	512001000004108	Histologic type of primary	Value		1162588009	Chronic myeloid leukaemia				cancer-type	=	92818009	Chronic myeloid leukaemia																
20231001	512001000004108	Histologic type of primary	Value		128834007	Chronic neutrophilic leukaemia				cancer-type	=	188734009	Chronic neutrophilic leukaemia																
20231001	512001000004108	Histologic type of primary	Value		413836008	Chronic eosinophilic leukaemia				cancer-type	=	188733003	Chronic eosinophilic leukaemia																
20231001	512001000004108	Histologic type of primary	Value		128841001	Polycythaemia vera				cancer-type	=	109992005	Polycythemia vera																
20231001	512001000004108	Histologic type of primary	Value		128844009	Essential thrombocythaemia				cancer-type	=	109994006	Essential thrombocythemia																
20231001	512001000004108	Histologic type of primary	Value Set	canshare-who-haematology-myelofibrosis-histology        						cancer-type	=	307651005	Primary myelofibrosis																
20231001	512001000004108	Histologic type of primary	Value		128832006	Juvenile myelomonocytic leukaemia				cancer-type	=	445227008	Juvenile myelomonocytic leukaemia																
20231001	512001000004108	Histologic type of primary	Value		1255668009	Myeloproliferative neoplasm, NOS				cancer-type	=	109993000	Myeloproliferative neoplasm																
20231001	512001000004108	Histologic type of primary	Value Set	canshare-who-haematology-mastocytosis-histology						cancer-substream	=	414653009	Mastocytosis	cancer-type	=	0	No cancer type												
20231001	512001000004108	Histologic type of primary	Value		127581004	Mastocytosis				cancer-type	=	414653009	Mastocytosis																
20231001	512001000004108	Histologic type of primary	Value		703827008	Cutaneous mastocytosis				cancer-type	=	397012002	Cutaneous mastocytosis																
20231001	512001000004108	Histologic type of primary	Value Set	canshare-who-haematology-systemic-mastocytosis-histology						cancer-type	=	397016004	Systemic mastocytosis 																
20231001	512001000004108	Histologic type of primary	Value		13583002	Mast cell sarcoma				cancer-type	=	118615008	Mast cell sarcoma 																
20231001	512001000004108	Histologic type of primary	Value Set	canshare-who-haematology-mds-histology						cancer-substream	=	109995007	Myelodysplastic neoplasm	cancer-type	=	0	No cancer type												
20231001	512001000004108	Histologic type of primary	Value Set	canshare-who-haematology-mds-histology						cancer-type	=	109995007	Myelodysplastic neoplasm																
20231001	512001000004108	Histologic type of primary	Value Set	canshare-who-haematology-mds-myeloproliferative-histology						cancer-substream	=	445738007	Myelodysplastic-myeloproliferative neoplasm 	cancer-type	=	0	No cancer type												
20231001	512001000004108	Histologic type of primary	Value Set	canshare-who-haematology-mds-myeloproliferative-other-histology						cancer-type	=	445738007	Myelodysplastic-myeloproliferative neoplasm																
20231001	512001000004108	Histologic type of primary	Value		128831004	Chronic myelomonocytic leukaemia				cancer-type	=	127225006	Chronic myelomonocytic leukaemia																
20231001	512001000004108	Histologic type of primary	Value Set	canshare-who-haematology-aml-histology						cancer-substream	=	91861009	Acute myeloid leuakemia	cancer-type	=	0	No cancer type												
20231001	512001000004108	Histologic type of primary	Value Set	canshare-who-haematology-aml-histology						cancer-type	=	91861009	Acute myeloid leuakemia																
20231001	512001000004108	Histologic type of primary	Value Set	canshare-who-haematology-acute-leukaemia-amb-lineage-histology						cancer-substream	=	298241000210100	Acute leukemia of mixed or ambiguous lineage	cancer-type	=	0	No cancer type												
20231001	512001000004108	Histologic type of primary	Value Set	canshare-who-haematology-acute-leukaemia-amb-lineage-histology						cancer-type	=	298241000210100	Acute leukemia of mixed or ambiguous lineage																
20231001	512001000004108	Histologic type of primary	Value Set	canshare-who-haematology-myeloid-lymphoid-gene-histology						cancer-substream	=	351641000210108	Myeloid-lymphoid neoplasm with eosinophilia and defining gene rearrangement	cancer-type	=	0	No cancer type												
20231001	512001000004108	Histologic type of primary	Value Set	canshare-who-haematology-myeloid-lymphoid-gene-histology						cancer-type	=	351641000210108	Myeloid-lymphoid neoplasm with eosinophilia and defining gene rearrangement																
20231001	512001000004108	Histologic type of primary	Value Set	canshare-who-haematology-myeloid-other-histology						cancer-substream	=	351591000210100	Myeloid neoplasm	cancer-type	=	0	No cancer type												
20231001	512001000004108	Histologic type of primary	Value Set	canshare-who-haematology-myeloid-other-histology						cancer-type	=	351591000210100	Myeloid neoplasm																
20231001	512001000004108	Histologic type of primary	Value Set	canshare-who-haematology-b-cell-histology			263341000210102	NZ WHO haematolymphoid B cell lymphoid proliferation or lymphoma histology reference set (5th edition)	#VALUE!	cancer-stream	=	298491000210105	B-cell lymphoid neoplasm	cancer-substream	=	0	No cancer substream												
20231001	512001000004108	Histologic type of primary	Value Set	canshare-who-haematology-b-cell-lymphoid-histology						cancer-substream	=	298491000210105	B-cell lymphoid neoplasm	cancer-type	=	0	No cancer type												
20231001	512001000004108	Histologic type of primary	Value Set	canshare-who-haematology-b-cell-lymphoid-histology						cancer-type	=	298491000210105	B-cell lymphoid neoplasm				No cancer type												
20231001	512001000004108	Histologic type of primary	Value Set	canshare-who-haematology-castleman-disorder-histology						cancer-substream	=	207036003	Castleman disease	cancer-type	=	0	No cancer type												
20231001	512001000004108	Histologic type of primary	Value Set	canshare-who-haematology-castleman-disorder-histology						cancer-type	=	207036003	Castleman disease				No cancer type												
20231001	512001000004108	Histologic type of primary	Value Set	canshare-who-haematology-all-bcell-histology						cancer-substream	=	91857003	Acute lymphoblastic leukaemia	cancer-stream	=	298491000210105	B-cell lymphoid neoplasm	cancer-type	=	0	No cancer type								
20231001	512001000004108	Histologic type of primary	Value Set	canshare-who-haematology-all-bcell-histology						cancer-type	=	351681000210101	B cell acute lymphoblastic leukaemia																
20231001	512001000004108	Histologic type of primary	Value Set	canshare-who-histology-indolent-nh-bcell-lymphoma -histology						cancer-substream	=	351651000210106	Indolent non-Hodgkin B cell lymphoma	cancer-type	=	0	No cancer type												
20231001	512001000004108	Histologic type of primary	Value Set	canshare-who-indolent-nh-b-cell-lymphoma-other-histology						cancer-type	=	351651000210106	Indolent non-hodgkin B cell lymphoma 																
20231001	512001000004108	Histologic type of primary	Value		51092000	Chronic lymphocytic leukaemia/small lymphocytic lymphoma				cancer-type	=	351691000210104	Chronic lymphocytic leukaemia and/or  small lymphocytic lymphoma																
20231001	512001000004108	Histologic type of primary	Value Set	canshare-who-monoclonal-b-cell-lymphocytosis-histology						cancer-type	=	717780007	Monoclonal B cell lymphocytosis																
20231001	512001000004108	Histologic type of primary	Value		54087003	Hairy cell leukaemia				cancer-type	=	118613001	Hairy cell leukaemia																
20231001	512001000004108	Histologic type of primary	Value		19340000	Lymphoplasmacytic lymphoma, malignant				cancer-type	=	307623001	Lymphoplasmacytic lymphoma (Waldenstrom macroglobulinaemia)																
20231001	512001000004108	Histologic type of primary	Value Set	canshare-who-haematology-mzl-histology						cancer-type	=	447100004	Marginal zone lymphoma																
20231001	512001000004108	Histologic type of primary	Value Set	canshare-who-haematology-fl-histology						cancer-type	=	308121000	Follicular lymphoma																
20231001	512001000004108	Histologic type of primary	Value Set	canshare-who-haematology-mc-lymphoma-histology						cancer-type	=	443487006	Mantle cell lymphoma																
20231001	512001000004108	Histologic type of primary	Value Set	canshare-who-aggressive-nh-bcell-lymphoma -histology						cancer-substream	=	351661000210109	Aggressive non-Hodgkin B cell lymphoma	cancer-type	=	0	No cancer type												
20231001	512001000004108	Histologic type of primary	Value Set	canshare-who-aggressive-nh-bcell-lymphoma-other-histology						cancer-type	=	351661000210109	Aggressive non-hodgkin B cell lymphoma 																
20231001	512001000004108	Histologic type of primary	Value		262721000210103	Primary diffuse large B cell lymphoma of CNS				cancer-type	=	307649006	Primary CNS lymphoma																
20231001	512001000004108	Histologic type of primary	Value		77381001	Burkitt lymphoma				cancer-type	=	118617000	Burkitt's lymphoma																
20231001	512001000004108	Histologic type of primary	Value		128801005	Mediastinal large B-cell lymphoma				cancer-type	=	444910004	Mediastinal large B cell lymphoma 																
20231001	512001000004108	Histologic type of primary	Value Set	canshare-who-haematology-hl-histology						cancer-substream	=	118599009	Hodgkin lymphoma   	cancer-type	=	0	No cancer type												
20231001	512001000004108	Histologic type of primary	Value Set	canshare-who-haematology-hl-histology						cancer-type	=	118599009	Hodgkin lymphoma   																
20231001	512001000004108	Histologic type of primary	Value Set	canshare-who-haematology-plasma-cell-histology						cancer-substream	=	351671000210103	Plasma cell disorder	cancer-type	=	0	No cancer type												
20231001	512001000004108	Histologic type of primary	Value Set	canshare-who-haematology-plasma-cell-other-histology						cancer-type	=	351671000210103	Plasma cell disorder 																
20231001	512001000004108	Histologic type of primary	Value		23132008	Immunoglobulin-related (AL) amyloidosis				cancer-type	=	17602002	Amyloidosis																
20231001	512001000004108	Histologic type of primary	Value Set	canshare-who-haematology-myeloma-histology						cancer-type	=	109989006	Multiple myeloma																
20231001	512001000004108	Histologic type of primary	Value Set	canshare-who-haematology-t-nk-cell-histology			263351000210104	NZ WHO haematolymphoid T cell and NK cell lymphoid proliferation or lymphoma histology reference set (5th edition)	#VALUE!	cancer-stream	=	422172005	T/NK-cell neoplasm	cancer-substream	=	0	No cancer substream												
20231001	512001000004108	Histologic type of primary	Value Set	canshare-who-haematology-all-tcell-histology						cancer-substream	=	91857003	Acute lymphoblastic leukaemia	cancer-stream	=	422172005	T/NK-cell neoplasm	cancer-type	=	0	No cancer type								
20231001	512001000004108	Histologic type of primary	Value Set	canshare-who-haematology-all-tcell-histology						cancer-type	=	420890002	T cell acute lymphoblastic leukaemia																
20231001	512001000004108	Histologic type of primary	Value Set	canshare-who-mature-tnk-cell-histology						cancer-substream	=	421418009	Mature T/NK-cell neoplasm	cancer-type	=	0	No cancer type												
20231001	512001000004108	Histologic type of primary	Value Set	canshare-who-haematology-peripheral-t-cell-lymphoma-histology						cancer-type	=	109977009	Peripheral T-cell lymphoma																
20231001	512001000004108	Histologic type of primary	Value		128805001	Extranodal NK/T-cell lymphoma				cancer-type	=	414166008	Extranodal NK/T-cell lymphoma 																
20231001	512001000004108	Histologic type of primary	Value Set	canshare-who-haematology-cutaneous-t-cell-lymphoma-histology						cancer-type	=	400122007	Primary cutaneous T cell lymphoma																
20231001	512001000004108	Histologic type of primary	Value Set	canshare-who-mature-tnk-cell-other-histology						cancer-type	=	421418009	Mature T/NK-cell neoplasm																
20231001	512001000004108	Histologic type of primary	Value Set	canshare-who-haematology-t-nk-cell-other-histology						cancer-substream	=	422172005	T/NK-cell neoplasm  	cancer-type	=	0	No cancer type												
20231001	512001000004108	Histologic type of primary	Value Set	canshare-who-haematology-t-nk-cell-other-histology						cancer-type	=	422172005	T/NK-cell neoplasm  																
20231001	512001000004108	Histologic type of primary	Value Set	canshare-who-haematology-histiocytic-histology			263331000210105	NZ WHO haematolymphoid histiocytic dendritic cell neoplasm histology reference set (5th edition)	#VALUE!	cancer-stream	=	737224006	Histiocytic and/or dendritic cell neoplasm	cancer-substream	=	0	No cancer substream												
20231001	512001000004108	Histologic type of primary	Value Set	canshare-who-haematology-histiocytic-histology						cancer-substream	=	737224006	Histiocytic and/or dendritic cell neoplasm	cancer-type	=	0	No cancer type												
20231001	512001000004108	Histologic type of primary	Value		445030005	Blastic plasmacytoid dendritic cell neoplasm				cancer-type	=	445105005	Blastic plasmacytoid dendritic cell neoplasm																
20231001	512001000004108	Histologic type of primary	Value Set	canshare-who-histology-dendritic-histology						cancer-type	=	737223000	Dendritic cell neoplasm																
20231001	512001000004108	Histologic type of primary	Value Set	canshare-who-haematology-histiocytic-other-histology						cancer-type	=	737224006	Histiocytic and/or dendritic cell neoplasm																
20231001	512001000004108	Histologic type of primary	Value Set	canshare-who-haematology-stroma-histology			263361000210101	NZ WHO haematolymphoid stroma derived neoplasm of lymphoid tissue histology reference set (5th edition)	#VALUE!	cancer-stream	=	298171000210104	Stroma-derived neoplasm of lymphoid tissue	cancer-substream	=	0	No cancer substream												
20231001	512001000004108	Histologic type of primary	Value Set	canshare-who-haematology-stroma-histology						cancer-substream	=	298171000210104	Stroma-derived neoplasm of lymphoid tissue	cancer-type	=	0	No cancer type												
20231001	512001000004108	Histologic type of primary	Value Set	canshare-who-haematology-stroma-histology						cancer-type	=	298171000210104	Stroma-derived neoplasm of lymphoid tissue																